{"cameraMode":{"drawMode":0,"name":"Shaded","section":"Shading Mode"},"sceneLighting":true,"audioPlay":false,"sceneViewState":{"m_AlwaysRefresh":false,"showFog":true,"showSkybox":true,"showFlares":true,"showImageEffects":true,"showParticleSystems":true,"showVisualEffectGraphs":true,"m_FxEnabled":true},"in2DMode":false,"pivot":{"x":250.34182739257813,"y":460.2503662109375,"z":1090.9461669921875},"rotation":{"x":-0.015421554446220398,"y":-0.9670597314834595,"z":0.24682845175266267,"w":-0.060410868376493457},"size":260.4299011230469,"orthographic":false}